,user_id,book_id,rating,title,url,cover_image,publisher,publication_year,ISBN,Unnamed: 0
2,-1,20898006,5,"Moon Knight, Volume 1: From the Dead (Moon Knight Vol. V, #1)",https://www.goodreads.com/book/show/20898006-from-the-dead,https://images.gr-assets.com/books/1415018723m/20898006.jpg,Marvel,2014,785154086,52674
3,-1,2795053,5,"The Umbrella Academy, Vol. 1: The Apocalypse Suite",https://www.goodreads.com/book/show/2795053-the-umbrella-academy-vol-1,https://images.gr-assets.com/books/1327878822m/6413286.jpg,Dark Horse Comics,2008,1593079788,57502
4,-1,165526,5,"The Red Sea Sharks (Tintin, #19)",https://www.goodreads.com/book/show/165526.The_Red_Sea_Sharks,https://images.gr-assets.com/books/1434919886m/165526.jpg,Egmont Books Ltd,2002,1405206306,30857
5,-1,16002165,5,"Avengers, Volume 1: Avengers World",https://www.goodreads.com/book/show/16002165-avengers-volume-1,https://images.gr-assets.com/books/1409500439m/16002165.jpg,Marvel,2013,785168230,20121
6,-1,25241779,5,"Sweet Tooth: Deluxe Edition, Book One",https://www.goodreads.com/book/show/25241779-sweet-tooth,https://images.gr-assets.com/books/1443875219m/25241779.jpg,Vertigo,2015,1401258719,67542
7,-1,43576,5,Twentieth Century Eightball,https://www.goodreads.com/book/show/43576.Twentieth_Century_Eightball,https://images.gr-assets.com/books/1327878228m/43576.jpg,Fantagraphics,2002,1560974362,54794
8,-1,18484821,5,The Walking Dead: Book 9,https://www.goodreads.com/book/show/18484821-the-walking-dead,https://images.gr-assets.com/books/1379027384m/18484821.jpg,Image Comics,2013,,18948
9,-1,6236051,5,"PLUTO: Urasawa x Tezuka, Volume 002 (Pluto, #2)",https://www.goodreads.com/book/show/6236051-pluto,https://images.gr-assets.com/books/1344678676m/6236051.jpg,VIZ Media,2009,1421519194,61823
10,-1,57948,5,Batman: The Dark Knight Returns,https://www.goodreads.com/book/show/57948.Batman,https://images.gr-assets.com/books/1400895207m/57948.jpg,DC Comics,1997,1563893428,45836
11,-1,7200287,5,"Fantastic Four, Volume 1",https://www.goodreads.com/book/show/7200287-fantastic-four-volume-1,https://s.gr-assets.com/assets/nophoto/book/111x148-bcc042a9c91a29c1d680899eff700a03.png,Marvel,2010,785143173,22893
12,-1,1735210,5,Loki,https://www.goodreads.com/book/show/1735210.Loki,https://images.gr-assets.com/books/1343112634m/1735210.jpg,Marvel Comics Group,2005,785116524,64058
14,-1,25066779,5,"Moon Knight, Volume 3: In the Night (Moon Knight Vol. V, #3)",https://www.goodreads.com/book/show/25066779-in-the-night,https://images.gr-assets.com/books/1441451500m/25066779.jpg,Marvel,2015,785197346,11302
15,-1,77173,5,"The Adventures of Tintin, Vol. 3: The Crab With the Golden Claws / The Shooting Star / The Secret of the Unicorn",https://www.goodreads.com/book/show/77173.The_Adventures_of_Tintin_Vol_3,https://s.gr-assets.com/assets/nophoto/book/111x148-bcc042a9c91a29c1d680899eff700a03.png,"Little, Brown Books for Young Readers",1994,316359440,57553
17,-1,9449355,5,Diary of a Wimpy Kid: Rodrick Rules,https://www.goodreads.com/book/show/9449355-diary-of-a-wimpy-kid,https://s.gr-assets.com/assets/nophoto/book/111x148-bcc042a9c91a29c1d680899eff700a03.png,Alphascript Publishing,2010,6132803815,27653
18,-1,13547137,5,"The Dork Diaries Set: Dork Diaries Books 1, 2, 3, 3 1/2, 4, and 5",https://www.goodreads.com/book/show/13547137-the-dork-diaries-set,https://images.gr-assets.com/books/1344662609m/13547137.jpg,Aladdin,2012,1442464836,6434
19,-1,13182787,5,"Tales from a Not-So-Graceful Ice Princess (Dork Diaries, #4)",https://www.goodreads.com/book/show/13182787-tales-from-a-not-so-graceful-ice-princess,https://images.gr-assets.com/books/1338577810m/13182787.jpg,Aladdin,2012,1442411929,68847
21,-1,13167288,4,"Geronimo Stilton Saves the Olympics (Geronimo Stilton Graphic Novels, #10)",https://www.goodreads.com/book/show/13167288-geronimo-stilton-saves-the-olympics,https://s.gr-assets.com/assets/nophoto/book/111x148-bcc042a9c91a29c1d680899eff700a03.png,Papercutz,2012,1597073199,33787
